method,alpha,accuracy,mean_cosine_shift,kl_divergence
none,0.0,0.1111111111111111,-0.058306924584839076,
raw_addition,1.0,0.4444444444444444,0.010611818068557315,
pca_uncalibrated,1.0,0.4444444444444444,-0.0021992549300193787,
pca_k_calibrated,1.0,0.2222222222222222,-0.02572066792183452,
