condition,metric_value,n,delta_vs_baseline,delta_vs_pca_uncal
none,0.6,50,0.0,-0.06000000000000005
raw_addition,0.7,50,0.09999999999999998,0.039999999999999925
pca_uncalibrated,0.66,50,0.06000000000000005,0.0
pca_k_calibrated,0.7,50,0.09999999999999998,0.039999999999999925
pca_k_calibrated_reversed,0.7,50,0.09999999999999998,0.039999999999999925
