method,alpha,accuracy,mean_cosine_shift,kl_divergence
none,0.0,0.09090909090909091,-0.031252344223586,
raw_addition,1.0,0.6363636363636364,-0.0001516789197921753,
pca_uncalibrated,1.0,0.6363636363636364,0.014536665244535967,
pca_k_calibrated,1.0,0.6363636363636364,0.011068617755716497,
