condition,metric_value,n,delta_vs_baseline,delta_vs_pca_uncal
none,0.74,50,0.0,0.16000000000000003
raw_addition,0.76,50,0.020000000000000018,0.18000000000000005
pca_uncalibrated,0.58,50,-0.16000000000000003,0.0
pca_k_calibrated,0.76,50,0.020000000000000018,0.18000000000000005
pca_k_calibrated_reversed,0.68,50,-0.05999999999999994,0.10000000000000009
