method,alpha,accuracy,mean_cosine_shift,kl_divergence
none,0.0,0.45454545454545453,-0.01807824048128995,
raw_addition,1.0,0.45454545454545453,-0.015358916737816551,
pca_uncalibrated,1.0,0.8181818181818182,0.02341854301365939,
pca_k_calibrated,1.0,0.36363636363636365,-0.015608383850617842,
