method,alpha,accuracy,mean_cosine_shift,kl_divergence
none,0.0,0.5555555555555556,0.0039286646578047014,
raw_addition,1.0,0.2222222222222222,-0.020079577962557476,
pca_uncalibrated,1.0,0.2222222222222222,-0.02466364370452033,
pca_k_calibrated,1.0,0.6666666666666666,0.02884304854604933,
