condition,metric_value,n,delta_vs_baseline,delta_vs_pca_uncal
none,1.0,50,0.0,0.24
raw_addition,0.7,50,-0.30000000000000004,-0.06000000000000005
pca_uncalibrated,0.76,50,-0.24,0.0
pca_k_calibrated,0.86,50,-0.14,0.09999999999999998
pca_k_calibrated_reversed,1.16,50,0.15999999999999992,0.3999999999999999
