{
  "model_key": "qwen",
  "behavior": "formality",
  "mean_cosine_sim": 0.1378084307536483,
  "std_cosine_sim": 0.12338227661180444,
  "min_cosine_sim": 0.05186868831515312,
  "max_cosine_sim": 0.9999998807907104,
  "n_permutations": 5,
  "n_layers": 28,
  "permute_fraction": 0.5,
  "n_valid_scores": 140,
  "invariance_threshold": 0.85,
  "claim_supported": false,
  "seed": 42
}