method,alpha,accuracy,mean_cosine_shift,kl_divergence
none,0.0,1.0,0.06862697998682658,
raw_addition,1.0,0.6666666666666666,0.009634926915168762,
pca_uncalibrated,1.0,0.3333333333333333,-0.01598378188080258,
pca_k_calibrated,1.0,1.0,0.06678023603227404,
