{
  "model_key": "llama",
  "hf_id": "meta-llama/Llama-3.1-8B-Instruct",
  "architecture": "llama",
  "hidden_size": 4096,
  "n_layers": 32,
  "weight_types_evaluated": [
    "down_proj",
    "up_proj",
    "o_proj"
  ],
  "pearson_r_down_proj": -0.6112803902682257,
  "spearman_r_down_proj": -0.7390029325513197,
  "pearson_p_down_proj": 0.00020191542423959646,
  "spearman_p_down_proj": 1.3629780921711617e-06,
  "n_layers_used_down_proj": 32,
  "pearson_r_up_proj": 0.7691330499955301,
  "spearman_r_up_proj": 0.6213343108504398,
  "pearson_p_up_proj": 2.701804326809108e-07,
  "spearman_p_up_proj": 0.00014752118308045866,
  "n_layers_used_up_proj": 32,
  "pearson_r_o_proj": 0.20934877834937887,
  "spearman_r_o_proj": 0.12060117302052785,
  "pearson_p_o_proj": 0.2501698286001831,
  "spearman_p_o_proj": 0.5108679757604848,
  "n_layers_used_o_proj": 32
}