method,alpha,accuracy,mean_cosine_shift,kl_divergence
none,0.0,0.3333333333333333,-0.015155762434005737,
raw_addition,1.0,0.8888888888888888,0.03498863180478414,
pca_uncalibrated,1.0,0.4444444444444444,-0.0025377836492326525,
pca_k_calibrated,1.0,0.3333333333333333,-0.009445014927122328,
