condition,metric_value,n,delta_vs_baseline,delta_vs_pca_uncal
none,-0.0011784067435037448,50,0.0,-0.0002575999051598963
raw_addition,-0.9750658597445836,50,-0.9738874530010798,-0.9741450529062398
pca_uncalibrated,-0.0009208068383438485,50,0.0002575999051598963,0.0
pca_k_calibrated,-0.0011817116755376133,50,-3.304932033868467e-06,-0.0002609048371937648
pca_k_calibrated_reversed,-0.0009839671445209097,50,0.00019443959898283515,-6.316030617706117e-05
