condition,metric_value,n,delta_vs_baseline,delta_vs_pca_uncal
none,0.68,50,0.0,-0.039999999999999925
raw_addition,1.0,50,0.31999999999999995,0.28
pca_uncalibrated,0.72,50,0.039999999999999925,0.0
pca_k_calibrated,0.82,50,0.1399999999999999,0.09999999999999998
pca_k_calibrated_reversed,0.78,50,0.09999999999999998,0.06000000000000005
