{
  "gamma_post_mlp": {
    "label": "||\u03b3_post_MLP||",
    "pearson_r": 0.94,
    "pearson_p": 2.780606418530371e-20,
    "spearman_rho": 0.9611,
    "spearman_p": 5.786432859450065e-24,
    "n_layers": 42
  },
  "gamma_post_attn": {
    "label": "||\u03b3_post_attn||",
    "pearson_r": 0.8503,
    "pearson_p": 1.033499547050088e-12,
    "spearman_rho": 0.7772,
    "spearman_p": 1.4300177790926782e-09,
    "n_layers": 42
  },
  "gamma_post_combined": {
    "label": "||\u03b3_post_MLP|| + ||\u03b3_post_attn||",
    "pearson_r": 0.9187,
    "pearson_p": 9.802107395541601e-18,
    "spearman_rho": 0.899,
    "spearman_p": 6.251937551022561e-16,
    "n_layers": 42
  },
  "gamma_post_cumulative": {
    "label": "cumulative combined scale",
    "pearson_r": 0.9601,
    "pearson_p": 9.379873590726806e-24,
    "spearman_rho": 0.9992,
    "spearman_p": 1.9435884999163282e-57,
    "n_layers": 42
  },
  "spectral_norm_up": {
    "label": "\u03c3\u2081(W_up)",
    "pearson_r": 0.4214,
    "pearson_p": 0.005449470346728555,
    "spearman_rho": 0.1231,
    "spearman_p": 0.4374107939182338,
    "n_layers": 42
  }
}