method,alpha,accuracy,mean_cosine_shift,kl_divergence
none,0.0,0.4444444444444444,-0.010424935155444674,
raw_addition,1.0,0.6666666666666666,0.03296363270945019,
pca_uncalibrated,1.0,0.4444444444444444,0.012917865895562701,
pca_k_calibrated,1.0,0.4444444444444444,0.012454630496601263,
