method,alpha,accuracy,mean_cosine_shift,kl_divergence
none,0.0,0.5833333333333334,0.004703685641288757,
raw_addition,1.0,0.75,0.014217245082060495,
pca_uncalibrated,1.0,0.75,0.017659758528073628,
pca_k_calibrated,1.0,0.6666666666666666,0.010902374982833862,
