method,alpha,accuracy,mean_cosine_shift,kl_divergence
none,0.0,0.5454545454545454,0.001665756106376648,
raw_addition,1.0,0.45454545454545453,-0.0018344223499298096,
pca_uncalibrated,1.0,0.5454545454545454,0.0037370310588316484,
pca_k_calibrated,1.0,0.45454545454545453,0.0005244788798418912,
