method,alpha,accuracy,mean_cosine_shift,kl_divergence
none,0.0,0.2222222222222222,-0.04106295191579395,
raw_addition,1.0,0.6666666666666666,0.019133418798446655,
pca_uncalibrated,1.0,0.4444444444444444,0.005289657248391045,
pca_k_calibrated,1.0,0.7777777777777778,0.02957008613480462,
