method,alpha,accuracy,mean_cosine_shift,kl_divergence
none,0.0,0.3333333333333333,-0.023758153120676678,
raw_addition,1.0,0.5555555555555556,0.015035364362928603,
pca_uncalibrated,1.0,0.5555555555555556,-0.0008285045623779297,
pca_k_calibrated,1.0,0.7777777777777778,0.0527927428483963,
