method,alpha,accuracy,mean_cosine_shift,kl_divergence
none,0.0,0.2222222222222222,-0.05844481454955207,
raw_addition,1.0,0.1111111111111111,-0.04988826811313629,
pca_uncalibrated,1.0,0.4444444444444444,-0.004300907254219055,
pca_k_calibrated,1.0,0.2222222222222222,-0.027027323842048645,
