method,alpha,accuracy,mean_cosine_shift,kl_divergence
none,0.0,0.3333333333333333,-0.020186834865146212,
raw_addition,1.0,0.7777777777777778,0.029174009958902996,
pca_uncalibrated,1.0,0.7777777777777778,0.021608094374338787,
pca_k_calibrated,1.0,0.5555555555555556,0.007055991225772434,
