condition,metric_value,n,delta_vs_baseline,delta_vs_pca_uncal
none,-0.0004334762852566674,50,0.0,-0.0005538342585277634
raw_addition,-0.002096547961185836,50,-0.0016630716759291687,-0.0022169059344569323
pca_uncalibrated,0.00012035797327109611,50,0.0005538342585277634,0.0
pca_k_calibrated,-0.00028092750482037223,50,0.00015254878043629514,-0.00040128547809146836
pca_k_calibrated_reversed,-0.00018957771787960466,50,0.00024389856737706272,-0.00030993569115070075
