method,alpha,accuracy,mean_cosine_shift,kl_divergence
none,0.0,0.4166666666666667,-0.01901244092732668,
raw_addition,1.0,0.75,0.0420094709067295,
pca_uncalibrated,1.0,0.5833333333333334,0.009291601367294788,
pca_k_calibrated,1.0,0.8333333333333334,0.0653922064229846,
