condition,metric_value,n,delta_vs_baseline,delta_vs_pca_uncal
none,167.48,50,0.0,5.579999999999984
raw_addition,174.86,50,7.380000000000024,12.960000000000008
pca_uncalibrated,161.9,50,-5.579999999999984,0.0
pca_k_calibrated,163.84,50,-3.6399999999999864,1.9399999999999977
pca_k_calibrated_reversed,157.58,50,-9.899999999999977,-4.319999999999993
