method,alpha,accuracy,mean_cosine_shift,kl_divergence
none,0.0,0.3333333333333333,-0.007794664965735542,
raw_addition,1.0,0.5555555555555556,0.010115885072284274,
pca_uncalibrated,1.0,0.6666666666666666,0.014366904894510904,
pca_k_calibrated,1.0,0.4444444444444444,-0.009160929256015353,
