method,alpha,accuracy,mean_cosine_shift,kl_divergence
none,0.0,0.3333333333333333,-0.00850836435953776,
raw_addition,1.0,0.4444444444444444,0.0031388236416710746,
pca_uncalibrated,1.0,0.3333333333333333,-0.02206472886933221,
pca_k_calibrated,1.0,0.4444444444444444,-0.0036106142732832166,
