{
  "model_key": "llama",
  "behavior": "verbosity_control",
  "mean_cosine_sim": 0.06122405932983384,
  "std_cosine_sim": 0.10915664678889786,
  "min_cosine_sim": 0.025885045528411865,
  "max_cosine_sim": 0.9999998807907104,
  "n_permutations": 5,
  "n_layers": 32,
  "permute_fraction": 0.5,
  "n_valid_scores": 160,
  "invariance_threshold": 0.85,
  "claim_supported": false,
  "seed": 42
}