{
  "model_key": "llama",
  "hf_id": "meta-llama/Llama-3.1-8B-Instruct",
  "architecture": "llama",
  "hidden_size": 4096,
  "num_layers": 32,
  "n_prompts": 50,
  "seed": 42,
  "global_mean_norm": 15.908775107935071,
  "global_std_norm": 13.807877273508453,
  "min_mean_norm": 0.7054236531257629,
  "max_mean_norm": 59.407588958740234,
  "peak_layer_idx": 31,
  "peak_layer_name": "model.layers.31",
  "global_mean_k": 0.24857461106148548,
  "global_std_k": 0.21574808239856957,
  "elapsed_seconds": 83.48,
  "gpu_mem_gb": 14.965
}