{
  "model_key": "mistral",
  "hf_id": "mistralai/Mistral-7B-Instruct-v0.3",
  "architecture": "mistral",
  "hidden_size": 4096,
  "num_layers": 32,
  "n_prompts": 50,
  "seed": 42,
  "global_mean_norm": 9.688515732996166,
  "global_std_norm": 9.257136650501565,
  "min_mean_norm": 0.25708329677581787,
  "max_mean_norm": 32.40275955200195,
  "peak_layer_idx": 31,
  "peak_layer_name": "model.layers.31",
  "global_mean_k": 0.1513830583280651,
  "global_std_k": 0.14464276016408695,
  "elapsed_seconds": 74.2,
  "gpu_mem_gb": 13.508
}