condition,metric_value,n,delta_vs_baseline,delta_vs_pca_uncal
none,-0.0015747379104778208,50,0.0,-0.0002348181572408045
raw_addition,-0.0033522933681112347,50,-0.001777555457633414,-0.0020123736148742184
pca_uncalibrated,-0.0013399197532370163,50,0.0002348181572408045,0.0
pca_k_calibrated,-0.002771222395545019,50,-0.001196484485067198,-0.0014313026423080025
pca_k_calibrated_reversed,-0.0006174342029493339,50,0.0009573037075284869,0.0007224855502876824
