condition,metric_value,n,delta_vs_baseline,delta_vs_pca_uncal
none,191.58,50,0.0,5.160000000000025
raw_addition,210.78,50,19.19999999999999,24.360000000000014
pca_uncalibrated,186.42,50,-5.160000000000025,0.0
pca_k_calibrated,189.22,50,-2.3600000000000136,2.8000000000000114
pca_k_calibrated_reversed,197.46,50,5.8799999999999955,11.04000000000002
