{
  "model_key": "mistral",
  "behavior": "formality",
  "mean_cosine_sim": 0.1457585526397452,
  "std_cosine_sim": 0.1407375171217389,
  "min_cosine_sim": 0.040393270552158356,
  "max_cosine_sim": 0.9999998807907104,
  "n_permutations": 5,
  "n_layers": 32,
  "permute_fraction": 0.5,
  "n_valid_scores": 160,
  "invariance_threshold": 0.85,
  "claim_supported": false,
  "seed": 42
}