method,alpha,accuracy,mean_cosine_shift,kl_divergence
none,0.0,0.36363636363636365,-0.03401612151752819,
raw_addition,1.0,0.36363636363636365,-0.017228690060702236,
pca_uncalibrated,1.0,0.45454545454545453,-0.007577446374026212,
pca_k_calibrated,1.0,0.36363636363636365,-0.016632248054851185,
