method,alpha,accuracy,mean_cosine_shift,kl_divergence
none,0.0,0.3333333333333333,-0.021946541965007782,
raw_addition,1.0,1.0,0.07978589377469486,
pca_uncalibrated,1.0,0.7777777777777778,0.047805465343925685,
pca_k_calibrated,1.0,0.5555555555555556,0.016715645790100098,
