condition,metric_value,n,delta_vs_baseline,delta_vs_pca_uncal
none,1.5,50,0.0,-0.43999999999999995
raw_addition,1.4,50,-0.10000000000000009,-0.54
pca_uncalibrated,1.94,50,0.43999999999999995,0.0
pca_k_calibrated,1.88,50,0.3799999999999999,-0.06000000000000005
pca_k_calibrated_reversed,1.44,50,-0.06000000000000005,-0.5
